<?xml version="1.0"?>
<!--
  ~ Copyright 2002-2020 the original author or authors.
  ~
  ~ Licensed under the Apache License, Version 2.0 (the "License");
  ~ you may not use this file except in compliance with the License.
  ~ You may obtain a copy of the License at
  ~
  ~       https://www.apache.org/licenses/LICENSE-2.0
  ~
  ~ Unless required by applicable law or agreed to in writing, software
  ~ distributed under the License is distributed on an "AS IS" BASIS,
  ~ WITHOUT WARRANTIES OR CONDITIONS OF ANY KIND, either express or implied.
  ~ See the License for the specific language governing permissions and
  ~ limitations under the License.
  -->

<ruleset name="Test Ruleset"
		 xmlns="https://pmd.sourceforge.net/ruleset/2.0.0"
		 xmlns:xsi="https://www.w3.org/2001/XMLSchema-instance"
		 xsi:schemaLocation="https://pmd.sourceforge.net/ruleset/2.0.0 https://pmd.sourceforge.io/ruleset_2_0_0.xsd">
	<description>Test Ruleset</description>
	<rule ref="category/java/bestpractices.xml">
		<exclude name="AbstractClassWithoutAbstractMethod"/>
		<exclude name="DoubleBraceInitialization" />
		<exclude name="JUnitAssertionsShouldIncludeMessage" />
		<exclude name="JUnitTestContainsTooManyAsserts"/>
		<exclude name="JUnitTestsShouldIncludeAssert" />
	</rule>
	<rule ref="category/java/codestyle.xml">
		<exclude name="AtLeastOneConstructor" />
		<exclude name="CommentDefaultAccessModifier" />
		<exclude name="DefaultPackage" />
		<exclude name="LocalVariableCouldBeFinal"/>
		<exclude name="LongVariable" />
		<exclude name="MethodArgumentCouldBeFinal"/>
		<exclude name="OnlyOneReturn" />
		<exclude name="ShortMethodName" />
		<exclude name="ShortVariable" />
		<exclude name="TooManyStaticImports"/>
	</rule>
	<rule ref="category/java/codestyle.xml/LinguisticNaming">
		<properties>
			<property name="checkGetters" value="false" />
			<property name="checkSetters" value="false" />
			<property name="checkBooleanMethod" value="false" />
		</properties>
	</rule>
	<rule ref="category/java/design.xml">
		<exclude name="CouplingBetweenObjects" />
		<exclude name="DataClass" />
		<exclude name="ExcessiveImports" />
		<exclude name="ExcessivePublicCount" />
		<exclude name="LawOfDemeter" />
		<exclude name="LoosePackageCoupling" />
		<exclude name="SignatureDeclareThrowsException"/>
		<exclude name="TooManyMethods"/>
		<exclude name="UseObjectForClearerAPI" />
		<exclude name="AvoidThrowingRawExceptionTypes" />
	</rule>
	<rule ref="category/java/documentation.xml">
		<exclude name="CommentRequired" />
		<exclude name="CommentSize" />
		<exclude name="UncommentedEmptyConstructor"/>
		<exclude name="UncommentedEmptyMethodBody"/>
	</rule>
	<rule ref="category/java/errorprone.xml">
		<exclude name="AvoidDuplicateLiterals" />
		<exclude name="BeanMembersShouldSerialize" />
		<exclude name="DataflowAnomalyAnalysis" />
		<exclude name="InvalidLogMessageFormat" />
		<exclude name="NonStaticInitializer" />
	</rule>
	<rule ref="category/java/multithreading.xml">
		<exclude name="UseConcurrentHashMap" />
	</rule>
	<rule ref="category/java/performance.xml" />
	<rule ref="category/java/security.xml" />
</ruleset>
